jan.kowalski@example.com;title 1; content 1;101
jan.kowalski@example.com;title 1; content 1;101
jan.kowalski@example.com;title 1; content 1;101
jan.kowalski@example.com;title 1; content 1;101
jan.kowalski@example.com;title 1; content 1;101
jan.kowalski@example.com;title 1; content 1;101
jan.kowalski@example.com;title 1; content 1;101
jan.kowalski@example.com;title 1; content 1;101
jan.kowalski@example.com;title 1; content 1;101
jan.kowalski@example.com;title 1; content 1;101
jan.kowalski@example.com;title 1; content 1;101
jan.kowalski@example.com;title 1; content 1;101